origin_study_name,origin_dataset_name,origin_variable_name,target_study_name,target_dataset_name,target_variable_name
soep-is,bioage,birthm,soep-is,bioage,age
soep-is,bioage,birthm,soep-is,bioage,preend
soep-is,bioage,birthm,soep-is,bioage,prebeg
soep-is,bioage,birthm,soep-is,bioage,pregmo
soep-is,bioage,birthm,soep-is,bioage,pregy
soep-is,bioage,birthy,soep-is,bioage,age
soep-is,bioage,prebeg,soep-is,bioage,pregmo
soep-is,bioage,prebeg,soep-is,bioage,pregy
soep-is,bioage,preend,soep-is,bioage,prebeg
soep-is,bioage,preend,soep-is,bioage,pregmo
soep-is,bioage,preend,soep-is,bioage,pregy
soep-is,biol,lb0011_v1,soep-is,biol,lb0011_h
soep-is,biol,lb0013_v1,soep-is,biol,lb0013_h
soep-is,biol,lb0013_v2,soep-is,biol,lb0013_h
soep-is,biol,lb0016_v1,soep-is,biol,lb0016_h
soep-is,biol,lb0016_v2,soep-is,biol,lb0016_h
soep-is,biol,lb0016_v3,soep-is,biol,lb0016_h
soep-is,biol,lb0017_v2,soep-is,biol,lb0017_h
soep-is,biol,lb0018_v2,soep-is,biol,lb0018_h
soep-is,biol,lb0019_v4,soep-is,biol,lb0019_h
soep-is,biol,lb0037_v2,soep-is,biol,lb0037_h
soep-is,biol,lb0041_v1,soep-is,biol,lb0041_h
soep-is,biol,lb0041_v2,soep-is,biol,lb0041_h
soep-is,biol,lb0042_v1,soep-is,biol,lb0042_h
soep-is,biol,lb0042_v2,soep-is,biol,lb0042_h
soep-is,biol,lb0043_v1,soep-is,biol,lb0043_h
soep-is,biol,lb0043_v2,soep-is,biol,lb0043_h
soep-is,biol,lb0052_v2,soep-is,biol,lb0052_h
soep-is,biol,lb0075_v2,soep-is,biol,lb0075_h
soep-is,biol,lb0080_v1,soep-is,biol,lb0080_h
soep-is,biol,lb0081_v1,soep-is,biol,lb0081_h
soep-is,biol,lb0082_v1,soep-is,biol,lb0082_h
soep-is,biol,lb0083_v1,soep-is,biol,lb0083_h
soep-is,biol,lb0084_v1,soep-is,biol,lb0084_h
soep-is,biol,lb0084_v2,soep-is,biol,lb0084_h
soep-is,biol,lb0085_v1,soep-is,biol,lb0085_h
soep-is,biol,lb0085_v2,soep-is,biol,lb0085_h
soep-is,biol,lb0086_v1,soep-is,biol,lb0086_h
soep-is,biol,lb0086_v2,soep-is,biol,lb0086_h
soep-is,biol,lb0087_v1,soep-is,biol,lb0087_h
soep-is,biol,lb0087_v2,soep-is,biol,lb0087_h
soep-is,biol,lb0090_v2,soep-is,biol,lb0090_h
soep-is,biol,lb0090_v3,soep-is,biol,lb0090_h
soep-is,biol,lb0091_v2,soep-is,biol,lb0091_h
soep-is,biol,lb0091_v3,soep-is,biol,lb0091_h
soep-is,biol,lb0116_v1,soep-is,biol,lb0116_h
soep-is,biol,lb0116_v2,soep-is,biol,lb0116_h
soep-is,biol,lb0117_v1,soep-is,biol,lb0117_h
soep-is,biol,lb0117_v2,soep-is,biol,lb0117_h
soep-is,biol,lb0120_v1,soep-is,biol,lb0120_h
soep-is,biol,lb0120_v2,soep-is,biol,lb0120_h
soep-is,biol,lb0121_v1,soep-is,biol,lb0121_h
soep-is,biol,lb0121_v2,soep-is,biol,lb0121_h
soep-is,biol,lb0122_v1,soep-is,biol,lb0122_h
soep-is,biol,lb0122_v2,soep-is,biol,lb0122_h
soep-is,biol,lb0123_v1,soep-is,biol,lb0123_h
soep-is,biol,lb0123_v2,soep-is,biol,lb0123_h
soep-is,biol,lb0124_v1,soep-is,biol,lb0124_h
soep-is,biol,lb0124_v2,soep-is,biol,lb0124_h
soep-is,biol,lb0125_v1,soep-is,biol,lb0125_h
soep-is,biol,lb0125_v2,soep-is,biol,lb0125_h
soep-is,biol,lb0126_v1,soep-is,biol,lb0126_h
soep-is,biol,lb0126_v2,soep-is,biol,lb0126_h
soep-is,biol,lb0126_v3,soep-is,biol,lb0126_h
soep-is,biol,lb0126_v4,soep-is,biol,lb0126_h
soep-is,biol,lb0127_v1,soep-is,biol,lb0127_h
soep-is,biol,lb0127_v2,soep-is,biol,lb0127_h
soep-is,biol,lb0127_v3,soep-is,biol,lb0127_h
soep-is,biol,lb0127_v4,soep-is,biol,lb0127_h
soep-is,biol,lb0143_v1,soep-is,biol,lb0143_h
soep-is,biol,lb0143_v2,soep-is,biol,lb0143_h
soep-is,biol,lb0143_v3,soep-is,biol,lb0143_h
soep-is,biol,lb0144_v1,soep-is,biol,lb0144_h
soep-is,biol,lb0144_v2,soep-is,biol,lb0144_h
soep-is,biol,lb0144_v3,soep-is,biol,lb0144_h
soep-is,biol,lb0145_v1,soep-is,biol,lb0145_h
soep-is,biol,lb0145_v2,soep-is,biol,lb0145_h
soep-is,biol,lb0145_v3,soep-is,biol,lb0145_h
soep-is,biol,lb0157_v1,soep-is,biol,lb0157_h
soep-is,biol,lb0190_v1,soep-is,biol,lb0190_h
soep-is,biol,lb0194_v1,soep-is,biol,lb0194_h
soep-is,biol,lb0194_v2,soep-is,biol,lb0194_h
soep-is,biol,lb0195_v1,soep-is,biol,lb0195_h
soep-is,biol,lb0195_v2,soep-is,biol,lb0195_h
soep-is,biol,lb0199_v1,soep-is,biol,lb0199_h
soep-is,biol,lb0199_v2,soep-is,biol,lb0199_h
soep-is,biol,lb0199_v3,soep-is,biol,lb0199_h
soep-is,biol,lb0200_v1,soep-is,biol,lb0200_h
soep-is,biol,lb0200_v2,soep-is,biol,lb0200_h
soep-is,biol,lb0200_v3,soep-is,biol,lb0200_h
soep-is,biol,lb0203_v1,soep-is,biol,lb0203_h
soep-is,biol,lb0203_v2,soep-is,biol,lb0203_h
soep-is,biol,lb0205_v1,soep-is,biol,lb0205_h
soep-is,biol,lb0205_v2,soep-is,biol,lb0205_h
soep-is,biol,lb0205_v3,soep-is,biol,lb0205_h
soep-is,biol,lb0206_v1,soep-is,biol,lb0206_h
soep-is,biol,lb0206_v2,soep-is,biol,lb0206_h
soep-is,biol,lb0206_v3,soep-is,biol,lb0206_h
soep-is,biol,lb0209_v1,soep-is,biol,lb0209_h
soep-is,biol,lb0209_v2,soep-is,biol,lb0209_h
soep-is,biol,lb0238_v1,soep-is,biol,lb0238_h
soep-is,biol,lb0238_v2,soep-is,biol,lb0238_h
soep-is,biol,lb0246_v1,soep-is,biol,lb0246_h
soep-is,biol,lb0249_v1,soep-is,biol,lb0249_h
soep-is,biol,lb0251_v1,soep-is,biol,lb0251_h
soep-is,biol,lb0251_v2,soep-is,biol,lb0251_h
soep-is,biol,lb0252_v1,soep-is,biol,lb0252_h
soep-is,biol,lb0252_v2,soep-is,biol,lb0252_h
soep-is,biol,lb0252_v3,soep-is,biol,lb0252_h
soep-is,biol,lb0256_v1,soep-is,biol,lb0256_h
soep-is,biol,lb0256_v2,soep-is,biol,lb0256_h
soep-is,biol,lb0263_v1,soep-is,biol,lb0263_h
soep-is,biol,lb0263_v2,soep-is,biol,lb0263_h
soep-is,biol,lb0266_v2,soep-is,biol,lb0266_h
soep-is,biol,lb0267_v1,soep-is,biol,lb0267_h
soep-is,biol,lb0267_v2,soep-is,biol,lb0267_h
soep-is,biol,lb0269_v1,soep-is,biol,lb0269_h
soep-is,biol,lb0269_v2,soep-is,biol,lb0269_h
soep-is,biol,lb0270_v1,soep-is,biol,lb0270_h
soep-is,biol,lb0271_v1,soep-is,biol,lb0271_h
soep-is,biol,lb0271_v2,soep-is,biol,lb0271_h
soep-is,biol,lb0275_v1,soep-is,biol,lb0275_h
soep-is,biol,lb0276_v1,soep-is,biol,lb0276_h
soep-is,biol,lb0277_v1,soep-is,biol,lb0277_h
soep-is,biol,lb0278_v1,soep-is,biol,lb0278_h
soep-is,biol,lb0280_v2,soep-is,biol,lb0280_h
soep-is,biol,lb0282_v2,soep-is,biol,lb0282_h
soep-is,biol,lb0286_v1,soep-is,biol,lb0286_h
soep-is,biol,lb0286_v2,soep-is,biol,lb0286_h
soep-is,biol,lb0286_v4,soep-is,biol,lb0286_h
soep-is,biol,lb0287_v2,soep-is,biol,lb0287_h
soep-is,biol,lb0288_v1,soep-is,biol,lb0288_h
soep-is,biol,lb0288_v2,soep-is,biol,lb0288_h
soep-is,biol,lb0288_v3,soep-is,biol,lb0288_h
soep-is,biol,lb0290_v2,soep-is,biol,lb0290_h
soep-is,biol,lb0291_v1,soep-is,biol,lb0291_h
soep-is,biol,lb0291_v2,soep-is,biol,lb0291_h
soep-is,biol,lb0291_v3,soep-is,biol,lb0291_h
soep-is,biol,lb0293_v2,soep-is,biol,lb0293_h
soep-is,biol,lb0294_v1,soep-is,biol,lb0294_h
soep-is,biol,lb0294_v2,soep-is,biol,lb0294_h
soep-is,biol,lb0294_v3,soep-is,biol,lb0294_h
soep-is,biol,lb0296_v2,soep-is,biol,lb0296_h
soep-is,biol,lb0297_v1,soep-is,biol,lb0297_h
soep-is,biol,lb0297_v2,soep-is,biol,lb0297_h
soep-is,biol,lb0297_v3,soep-is,biol,lb0297_h
soep-is,biol,lb0299_v2,soep-is,biol,lb0299_h
soep-is,biol,lb0300_v1,soep-is,biol,lb0300_h
soep-is,biol,lb0300_v2,soep-is,biol,lb0300_h
soep-is,biol,lb0300_v3,soep-is,biol,lb0300_h
soep-is,biol,lb0302_v2,soep-is,biol,lb0302_h
soep-is,biol,lb0303_v1,soep-is,biol,lb0303_h
soep-is,biol,lb0303_v2,soep-is,biol,lb0303_h
soep-is,biol,lb0305_v2,soep-is,biol,lb0305_h
soep-is,biol,lb0306_v1,soep-is,biol,lb0306_h
soep-is,biol,lb0306_v2,soep-is,biol,lb0306_h
soep-is,biol,lb0308_v2,soep-is,biol,lb0308_h
soep-is,biol,lb0309_v1,soep-is,biol,lb0309_h
soep-is,biol,lb0309_v2,soep-is,biol,lb0309_h
soep-is,biol,lb0312_v2,soep-is,biol,lb0312_h
soep-is,biol,lb0314_v2,soep-is,biol,lb0314_h
soep-is,biol,lb0315_v2,soep-is,biol,lb0315_h
soep-is,biol,lb0317_v2,soep-is,biol,lb0317_h
soep-is,biol,lb0318_v2,soep-is,biol,lb0318_h
soep-is,biol,lb0320_v2,soep-is,biol,lb0320_h
soep-is,biol,lb0321_v1,soep-is,biol,lb0321_h
soep-is,biol,lb0324_v1,soep-is,biol,lb0324_h
soep-is,biol,lb0324_v2,soep-is,biol,lb0324_h
soep-is,biol,lb0684_v1,soep-is,biol,lb0684_h
soep-is,biol,lb1022_v1,soep-is,biol,lb1022_h
soep-is,biol,lb1022_v2,soep-is,biol,lb1022_h
soep-is,biol,lb1022_v3,soep-is,biol,lb1022_h
soep-is,biol,lb1022_v4,soep-is,biol,lb1022_h
soep-is,biol,lb1062_v2,soep-is,biol,lb1062_h
soep-is,biol,lb1063_v2,soep-is,biol,lb1063_h
soep-is,biol,lb1064_v2,soep-is,biol,lb1064_h
soep-is,biol,lb1065_v2,soep-is,biol,lb1065_h
soep-is,biol,lb1066_v2,soep-is,biol,lb1066_h
soep-is,biol,lb1067_v2,soep-is,biol,lb1067_h
soep-is,biol,lb1068_v2,soep-is,biol,lb1068_h
soep-is,biol,lb1069_v2,soep-is,biol,lb1069_h
soep-is,biol,lb1070_v2,soep-is,biol,lb1070_h
soep-is,biol,lb1093_v2,soep-is,biol,lb1093_h
soep-is,biol,lb1094_v2,soep-is,biol,lb1094_h
soep-is,biol,lb1095_v2,soep-is,biol,lb1095_h
soep-is,biol,lb1096_v2,soep-is,biol,lb1096_h
soep-is,biol,lb1097_v2,soep-is,biol,lb1097_h
soep-is,biol,lb1098_v2,soep-is,biol,lb1098_h
soep-is,biol,lb1099_v2,soep-is,biol,lb1099_h
soep-is,biol,lb1100_v2,soep-is,biol,lb1100_h
soep-is,biol,lb1101_v2,soep-is,biol,lb1101_h
soep-is,biol,lb1105_v2,soep-is,biol,lb1105_h
soep-is,biol,lb1107_v2,soep-is,biol,lb1107_h
soep-is,biol,lb1108_v2,soep-is,biol,lb1108_h
soep-is,biol,lb1200_v2,soep-is,biol,lb1200_h
soep-is,biol,lb1201_v2,soep-is,biol,lb1201_h
soep-is,biol,lb1202_v2,soep-is,biol,lb1202_h
soep-is,biol,lb1222_v2,soep-is,biol,lb1222_h
soep-is,biol,lb1223_v2,soep-is,biol,lb1223_h
soep-is,biol,lb1224_v2,soep-is,biol,lb1224_h
soep-is,biol,lb1272_v1,soep-is,biol,lb1272_h
soep-is,biol,lb1339_v1,soep-is,biol,lb1339_h
soep-is,biol,lb1340_v2,soep-is,biol,lb1340_h
soep-is,biol,lb1341_v3,soep-is,biol,lb1341_h
soep-is,biol,lb1343_v2,soep-is,biol,lb1343_h
soep-is,biol,lb1344_v2,soep-is,biol,lb1344_h
soep-is,biol,lb1375_v2,soep-is,biol,lb1375_h
soep-is,biol,lb1437_v1,soep-is,biol,lb1437_h
soep-is,biol,lb1437_v2,soep-is,biol,lb1437_h
soep-is,biol,lb1438_v1,soep-is,biol,lb1438_h
soep-is,biol,lb1438_v2,soep-is,biol,lb1438_h
soep-is,biol,lm0057i01_v2,soep-is,biol,lm0057i01_h
soep-is,biol,lm0057i02_v2,soep-is,biol,lm0057i02_h
soep-is,biol,sex_v1,soep-is,biol,sex_h
soep-is,hbrutto,bula_v1,soep-is,hbrutto,bula_h
soep-is,hbrutto,bula_v2,soep-is,hbrutto,bula_h
soep-is,hbrutto,nextwave_v2,soep-is,hbrutto,nextwave_h
soep-is,hl,hlc0005_v1,soep-is,hl,hlc0005_h
soep-is,hl,hlc0005_v2,soep-is,hl,hlc0005_h
soep-is,hl,hlc0006_v1,soep-is,hl,hlc0006_h
soep-is,hl,hlc0006_v2,soep-is,hl,hlc0006_h
soep-is,hl,hlc0006_v3,soep-is,hl,hlc0006_h
soep-is,hl,hlc0008_v1,soep-is,hl,hlc0008_h
soep-is,hl,hlc0008_v2,soep-is,hl,hlc0008_h
soep-is,hl,hlc0013_v1,soep-is,hl,hlc0013_h
soep-is,hl,hlc0013_v2,soep-is,hl,hlc0013_h
soep-is,hl,hlc0036_v1,soep-is,hl,hlc0036_h
soep-is,hl,hlc0036_v2,soep-is,hl,hlc0036_h
soep-is,hl,hlc0039_v3,soep-is,hl,hlc0039_h
soep-is,hl,hlc0042_v1,soep-is,hl,hlc0042_h
soep-is,hl,hlc0042_v2,soep-is,hl,hlc0042_h
soep-is,hl,hlc0044_v1,soep-is,hl,hlc0044_h
soep-is,hl,hlc0044_v2,soep-is,hl,hlc0044_h
soep-is,hl,hlc0045_v1,soep-is,hl,hlc0045_h
soep-is,hl,hlc0045_v2,soep-is,hl,hlc0045_h
soep-is,hl,hlc0046_v1,soep-is,hl,hlc0046_h
soep-is,hl,hlc0046_v3,soep-is,hl,hlc0046_h
soep-is,hl,hlc0046_v4,soep-is,hl,hlc0046_h
soep-is,hl,hlc0047_v1,soep-is,hl,hlc0047_h
soep-is,hl,hlc0047_v2,soep-is,hl,hlc0047_h
soep-is,hl,hlc0048_v1,soep-is,hl,hlc0048_h
soep-is,hl,hlc0049_v1,soep-is,hl,hlc0049_h
soep-is,hl,hlc0050_v1,soep-is,hl,hlc0050_h
soep-is,hl,hlc0051_v1,soep-is,hl,hlc0051_h
soep-is,hl,hlc0055_v1,soep-is,hl,hlc0055_h
soep-is,hl,hlc0056_v3,soep-is,hl,hlc0056_h
soep-is,hl,hlc0059_v1,soep-is,hl,hlc0059_h
soep-is,hl,hlc0059_v2,soep-is,hl,hlc0059_h
soep-is,hl,hlc0060_v2,soep-is,hl,hlc0060_h
soep-is,hl,hlc0061_v1,soep-is,hl,hlc0061_h
soep-is,hl,hlc0061_v2,soep-is,hl,hlc0061_h
soep-is,hl,hlc0064_v1,soep-is,hl,hlc0064_h
soep-is,hl,hlc0064_v2,soep-is,hl,hlc0064_h
soep-is,hl,hlc0066_v1,soep-is,hl,hlc0066_h
soep-is,hl,hlc0067_v1,soep-is,hl,hlc0067_h
soep-is,hl,hlc0067_v2,soep-is,hl,hlc0067_h
soep-is,hl,hlc0068_v1,soep-is,hl,hlc0068_h
soep-is,hl,hlc0068_v2,soep-is,hl,hlc0068_h
soep-is,hl,hlc0070_v1,soep-is,hl,hlc0070_h
soep-is,hl,hlc0070_v2,soep-is,hl,hlc0070_h
soep-is,hl,hlc0073_v1,soep-is,hl,hlc0073_h
soep-is,hl,hlc0073_v2,soep-is,hl,hlc0073_h
soep-is,hl,hlc0075_v1,soep-is,hl,hlc0075_h
soep-is,hl,hlc0075_v2,soep-is,hl,hlc0075_h
soep-is,hl,hlc0076_v1,soep-is,hl,hlc0076_h
soep-is,hl,hlc0076_v2,soep-is,hl,hlc0076_h
soep-is,hl,hlc0079_v1,soep-is,hl,hlc0079_h
soep-is,hl,hlc0079_v2,soep-is,hl,hlc0079_h
soep-is,hl,hlc0080_v1,soep-is,hl,hlc0080_h
soep-is,hl,hlc0082_v1,soep-is,hl,hlc0082_h
soep-is,hl,hlc0082_v2,soep-is,hl,hlc0082_h
soep-is,hl,hlc0083_v1,soep-is,hl,hlc0083_h
soep-is,hl,hlc0083_v2,soep-is,hl,hlc0083_h
soep-is,hl,hlc0084_v1,soep-is,hl,hlc0084_h
soep-is,hl,hlc0084_v2,soep-is,hl,hlc0084_h
soep-is,hl,hlc0085_v5,soep-is,hl,hlc0085_h
soep-is,hl,hlc0085_v6,soep-is,hl,hlc0085_h
soep-is,hl,hlc0090_v1,soep-is,hl,hlc0090_h
soep-is,hl,hlc0090_v2,soep-is,hl,hlc0090_h
soep-is,hl,hlc0111_v1,soep-is,hl,hlc0111_h
soep-is,hl,hlc0111_v2,soep-is,hl,hlc0111_h
soep-is,hl,hlc0112_v1,soep-is,hl,hlc0112_h
soep-is,hl,hlc0112_v2,soep-is,hl,hlc0112_h
soep-is,hl,hlc0113_v1,soep-is,hl,hlc0113_h
soep-is,hl,hlc0113_v2,soep-is,hl,hlc0113_h
soep-is,hl,hlc0114_v1,soep-is,hl,hlc0114_h
soep-is,hl,hlc0114_v2,soep-is,hl,hlc0114_h
soep-is,hl,hlc0114_v3,soep-is,hl,hlc0114_h
soep-is,hl,hlc0115_v1,soep-is,hl,hlc0115_h
soep-is,hl,hlc0115_v2,soep-is,hl,hlc0115_h
soep-is,hl,hlc0119_v1,soep-is,hl,hlc0119_h
soep-is,hl,hlc0119_v2,soep-is,hl,hlc0119_h
soep-is,hl,hlc0119_v3,soep-is,hl,hlc0119_h
soep-is,hl,hlc0119_v4,soep-is,hl,hlc0119_h
soep-is,hl,hlc0119_v5,soep-is,hl,hlc0119_h
soep-is,hl,hlc0120_v1,soep-is,hl,hlc0120_h
soep-is,hl,hlc0120_v2,soep-is,hl,hlc0120_h
soep-is,hl,hlc0120_v3,soep-is,hl,hlc0120_h
soep-is,hl,hlc0120_v4,soep-is,hl,hlc0120_h
soep-is,hl,hlf0001_v3,soep-is,hl,hlf0001_h
soep-is,hl,hlf0007_v4,soep-is,hl,hlf0007_h
soep-is,hl,hlf0011_v4,soep-is,hl,hlf0011_h
soep-is,hl,hlf0013_v2,soep-is,hl,hlf0013_h
soep-is,hl,hlf0016_v1,soep-is,hl,hlf0016_h
soep-is,hl,hlf0019_v1,soep-is,hl,hlf0019_h
soep-is,hl,hlf0021_v1,soep-is,hl,hlf0021_h
soep-is,hl,hlf0059_v3,soep-is,hl,hlf0059_h
soep-is,hl,hlf0069_v1,soep-is,hl,hlf0069_h
soep-is,hl,hlf0069_v5,soep-is,hl,hlf0069_h
soep-is,hl,hlf0071_v1,soep-is,hl,hlf0071_h
soep-is,hl,hlf0074_v1,soep-is,hl,hlf0074_h
soep-is,hl,hlf0074_v2,soep-is,hl,hlf0074_h
soep-is,hl,hlf0075_v2,soep-is,hl,hlf0075_h
soep-is,hl,hlf0080_v1,soep-is,hl,hlf0080_h
soep-is,hl,hlf0081_v1,soep-is,hl,hlf0081_h
soep-is,hl,hlf0081_v2,soep-is,hl,hlf0081_h
soep-is,hl,hlf0082_v1,soep-is,hl,hlf0082_h
soep-is,hl,hlf0082_v2,soep-is,hl,hlf0082_h
soep-is,hl,hlf0087_v2,soep-is,hl,hlf0087_h
soep-is,hl,hlf0088_v2,soep-is,hl,hlf0088_h
soep-is,hl,hlf0089_v1,soep-is,hl,hlf0089_h
soep-is,hl,hlf0089_v2,soep-is,hl,hlf0089_h
soep-is,hl,hlf0090_v1,soep-is,hl,hlf0090_h
soep-is,hl,hlf0090_v2,soep-is,hl,hlf0090_h
soep-is,hl,hlf0091_v3,soep-is,hl,hlf0091_h
soep-is,hl,hlf0092_v1,soep-is,hl,hlf0092_h
soep-is,hl,hlf0092_v2,soep-is,hl,hlf0092_h
soep-is,hl,hlf0093_v1,soep-is,hl,hlf0093_h
soep-is,hl,hlf0093_v2,soep-is,hl,hlf0093_h
soep-is,hl,hlf0095_v1,soep-is,hl,hlf0095_h
soep-is,hl,hlf0095_v2,soep-is,hl,hlf0095_h
soep-is,hl,hlf0107_v2,soep-is,hl,hlf0107_h
soep-is,hl,hlf0108_v10,soep-is,hl,hlf0108_h
soep-is,hl,hlf0108_v11,soep-is,hl,hlf0108_h
soep-is,hl,hlf0108_v12,soep-is,hl,hlf0108_h
soep-is,hl,hlf0108_v13,soep-is,hl,hlf0108_h
soep-is,hl,hlf0108_v14,soep-is,hl,hlf0108_h
soep-is,hl,hlf0108_v15,soep-is,hl,hlf0108_h
soep-is,hl,hlf0108_v2,soep-is,hl,hlf0108_h
soep-is,hl,hlf0108_v3,soep-is,hl,hlf0108_h
soep-is,hl,hlf0108_v4,soep-is,hl,hlf0108_h
soep-is,hl,hlf0108_v5,soep-is,hl,hlf0108_h
soep-is,hl,hlf0108_v6,soep-is,hl,hlf0108_h
soep-is,hl,hlf0108_v7,soep-is,hl,hlf0108_h
soep-is,hl,hlf0108_v8,soep-is,hl,hlf0108_h
soep-is,hl,hlf0108_v9,soep-is,hl,hlf0108_h
soep-is,hl,hlf0153_v3,soep-is,hl,hlf0153_h
soep-is,hl,hlf0154_v3,soep-is,hl,hlf0154_h
soep-is,hl,hlf0163_v1,soep-is,hl,hlf0163_h
soep-is,hl,hlf0165_v1,soep-is,hl,hlf0165_h
soep-is,hl,hlf0169_v3,soep-is,hl,hlf0169_h
soep-is,hl,hlf0170_v1,soep-is,hl,hlf0170_h
soep-is,hl,hlf0170_v2,soep-is,hl,hlf0170_h
soep-is,hl,hlf0173_v1,soep-is,hl,hlf0173_h
soep-is,hl,hlf0173_v2,soep-is,hl,hlf0173_h
soep-is,hl,hlf0178_v1,soep-is,hl,hlf0178_h
soep-is,hl,hlf0208_v1,soep-is,hl,hlf0208_h
soep-is,hl,hlf0208_v2,soep-is,hl,hlf0208_h
soep-is,hl,hlf0209_v1,soep-is,hl,hlf0209_h
soep-is,hl,hlf0209_v2,soep-is,hl,hlf0209_h
soep-is,hl,hlf0212_v1,soep-is,hl,hlf0212_h
soep-is,hl,hlf0212_v2,soep-is,hl,hlf0212_h
soep-is,hl,hlf0239_v1,soep-is,hl,hlf0239_h
soep-is,hl,hlf0241_v1,soep-is,hl,hlf0241_h
soep-is,hl,hlf0309_v3,soep-is,hl,hlf0309_h
soep-is,hl,hlf0311_v3,soep-is,hl,hlf0311_h
soep-is,hl,hlf0313_v3,soep-is,hl,hlf0313_h
soep-is,hl,hlf0315_v3,soep-is,hl,hlf0315_h
soep-is,hl,hlf0317_v3,soep-is,hl,hlf0317_h
soep-is,hl,hlf0370_v3,soep-is,hl,hlf0370_h
soep-is,hl,hlf0435_v1,soep-is,hl,hlf0435_h
soep-is,hl,hlf0435_v2,soep-is,hl,hlf0435_h
soep-is,hl,hlf0436_v1,soep-is,hl,hlf0436_h
soep-is,hl,hlf0436_v2,soep-is,hl,hlf0436_h
soep-is,hl,hli0011_v1,soep-is,hl,hli0011_h
soep-is,hl,hli0011_v2,soep-is,hl,hli0011_h
soep-is,hl,hli0017_v1,soep-is,hl,hli0017_h
soep-is,hl,hli0017_v2,soep-is,hl,hli0017_h
soep-is,hl,hli0023_v1,soep-is,hl,hli0023_h
soep-is,hl,hli0023_v2,soep-is,hl,hli0023_h
soep-is,hl,hli0029_v1,soep-is,hl,hli0029_h
soep-is,hl,hli0029_v2,soep-is,hl,hli0029_h
soep-is,hl,hli0036_v1,soep-is,hl,hli0036_h
soep-is,hl,hli0036_v2,soep-is,hl,hli0036_h
soep-is,hl,hli0037_v1,soep-is,hl,hli0037_h
soep-is,hl,hli0037_v2,soep-is,hl,hli0037_h
soep-is,hl,hli0042_v1,soep-is,hl,hli0042_h
soep-is,hl,hli0042_v2,soep-is,hl,hli0042_h
soep-is,hl,hli0043_v1,soep-is,hl,hli0043_h
soep-is,hl,hli0043_v2,soep-is,hl,hli0043_h
soep-is,hl,hli0047_v1,soep-is,hl,hli0047_h
soep-is,hl,hli0047_v2,soep-is,hl,hli0047_h
soep-is,hl,hli0048_v1,soep-is,hl,hli0048_h
soep-is,hl,hli0048_v2,soep-is,hl,hli0048_h
soep-is,hl,hli0054_v1,soep-is,hl,hli0054_h
soep-is,hl,hli0054_v2,soep-is,hl,hli0054_h
soep-is,hl,hli0055_v1,soep-is,hl,hli0055_h
soep-is,hl,hli0055_v2,soep-is,hl,hli0055_h
soep-is,hl,hli0065_v1,soep-is,hl,hli0065_h
soep-is,hl,hli0065_v2,soep-is,hl,hli0065_h
soep-is,hl,hli0066_v1,soep-is,hl,hli0066_h
soep-is,hl,hli0066_v2,soep-is,hl,hli0066_h
soep-is,hl,hli0071_v1,soep-is,hl,hli0071_h
soep-is,hl,hli0071_v2,soep-is,hl,hli0071_h
soep-is,hl,hli0072_v1,soep-is,hl,hli0072_h
soep-is,hl,hli0072_v2,soep-is,hl,hli0072_h
soep-is,kidlong,k_birthy_v2,soep-is,kidlong,k_birthy_h
soep-is,kidlong,k_rel_v1,soep-is,kidlong,k_rel_h
soep-is,kidlong,k_rel_v2,soep-is,kidlong,k_rel_h
soep-is,kidlong,kc_amtp_v1,soep-is,kidlong,kc_amtp_h
soep-is,kidlong,kc_care_v2,soep-is,kidlong,kc_care_h
soep-is,kidlong,kc_care_v3,soep-is,kidlong,kc_care_h
soep-is,kidlong,kc_care_v4,soep-is,kidlong,kc_care_h
soep-is,kidlong,kc_care_v5,soep-is,kidlong,kc_care_h
soep-is,kidlong,kc_cost_v1,soep-is,kidlong,kc_cost_h
soep-is,kidlong,kc_mindr_v1,soep-is,kidlong,kc_mindr_h
soep-is,kidlong,kc_mindr_v2,soep-is,kidlong,kc_mindr_h
soep-is,kidlong,kd_hrs_v1,soep-is,kidlong,kd_hrs_h
soep-is,kidlong,kd_insta_v3,soep-is,kidlong,kd_insta_h
soep-is,kidlong,kd_insta_v4,soep-is,kidlong,kd_insta_h
soep-is,kidlong,kd_insta_v6,soep-is,kidlong,kd_insta_h
soep-is,kidlong,kd_insta_v7,soep-is,kidlong,kd_insta_h
soep-is,kidlong,kd_instb_v2,soep-is,kidlong,kd_instb_h
soep-is,kidlong,kd_instb_v3,soep-is,kidlong,kd_instb_h
soep-is,kidlong,kd_instb_v4,soep-is,kidlong,kd_instb_h
soep-is,kidlong,kd_instb_v5,soep-is,kidlong,kd_instb_h
soep-is,kidlong,kd_instc_v2,soep-is,kidlong,kd_instc_h
soep-is,kidlong,kd_instc_v3,soep-is,kidlong,kd_instc_h
soep-is,kidlong,kd_instc_v4,soep-is,kidlong,kd_instc_h
soep-is,kidlong,kd_instc_v5,soep-is,kidlong,kd_instc_h
soep-is,kidlong,kd_lunch_v1,soep-is,kidlong,kd_lunch_h
soep-is,kidlong,kd_lunch_v2,soep-is,kidlong,kd_lunch_h
soep-is,kidlong,kd_time_v1,soep-is,kidlong,kd_time_h
soep-is,kidlong,kd_time_v2,soep-is,kidlong,kd_time_h
soep-is,kidlong,kk_amtp_v1,soep-is,kidlong,kk_amtp_h
soep-is,kidlong,ks_asc_v2,soep-is,kidlong,ks_asc_h
soep-is,kidlong,ks_gen_v4,soep-is,kidlong,ks_gen_h
soep-is,kidlong,ks_none_v1,soep-is,kidlong,ks_none_h
soep-is,pbrutto,abwesj_v4,soep-is,pbrutto,abwesj_h
soep-is,pbrutto,auszugj_v6,soep-is,pbrutto,auszugj_h
soep-is,pbrutto,befstat_v1,soep-is,pbrutto,befstat_h
soep-is,pbrutto,befstat_v2,soep-is,pbrutto,befstat_h
soep-is,pbrutto,einzugj_v4,soep-is,pbrutto,einzugj_h
soep-is,pbrutto,lint_v3,soep-is,pbrutto,lint_h
soep-is,pbrutto,pnat_v2,soep-is,pbrutto,pnat_h
soep-is,pbrutto,pnat_v3,soep-is,pbrutto,pnat_h
soep-is,pbrutto,pnrold_v2,soep-is,pbrutto,pnrold_h
soep-is,pbrutto,stell_v1,soep-is,pbrutto,stell_h
soep-is,pbrutto,stell_v2,soep-is,pbrutto,stell_h
soep-is,pbrutto,stell_v3,soep-is,pbrutto,stell_h
soep-is,pbrutto,zupan_v3,soep-is,pbrutto,zupan_h
soep-is,pl,pla0009_v2,soep-is,pl,pla0009_h
soep-is,pl,pla0009_v4,soep-is,pl,pla0009_h
soep-is,pl,plb0019_v1,soep-is,pl,plb0019_h
soep-is,pl,plb0019_v2,soep-is,pl,plb0019_h
soep-is,pl,plb0020_v1,soep-is,pl,plb0020_h
soep-is,pl,plb0022_v11,soep-is,pl,plb0022_h
soep-is,pl,plb0022_v8,soep-is,pl,plb0022_h
soep-is,pl,plb0022_v9,soep-is,pl,plb0022_h
soep-is,pl,plb0024_v1,soep-is,pl,plb0024_h
soep-is,pl,plb0024_v3,soep-is,pl,plb0024_h
soep-is,pl,plb0026_v1,soep-is,pl,plb0026_h
soep-is,pl,plb0031_v2,soep-is,pl,plb0031_h
soep-is,pl,plb0036_v1,soep-is,pl,plb0036_h
soep-is,pl,plb0036_v2,soep-is,pl,plb0036_h
soep-is,pl,plb0037_v1,soep-is,pl,plb0037_h
soep-is,pl,plb0037_v2,soep-is,pl,plb0037_h
soep-is,pl,plb0037_v3,soep-is,pl,plb0037_h
soep-is,pl,plb0038_v1,soep-is,pl,plb0038_h
soep-is,pl,plb0038_v2,soep-is,pl,plb0038_h
soep-is,pl,plb0041_v1,soep-is,pl,plb0041_h
soep-is,pl,plb0041_v2,soep-is,pl,plb0041_h
soep-is,pl,plb0049_v3,soep-is,pl,plb0049_h
soep-is,pl,plb0049_v4,soep-is,pl,plb0049_h
soep-is,pl,plb0049_v5,soep-is,pl,plb0049_h
soep-is,pl,plb0049_v6,soep-is,pl,plb0049_h
soep-is,pl,plb0057_v10,soep-is,pl,plb0057_h2
soep-is,pl,plb0057_v3,soep-is,pl,plb0057_h1
soep-is,pl,plb0057_v3,soep-is,pl,plb0057_h2
soep-is,pl,plb0057_v4,soep-is,pl,plb0057_h2
soep-is,pl,plb0057_v5,soep-is,pl,plb0057_h2
soep-is,pl,plb0057_v6,soep-is,pl,plb0057_h2
soep-is,pl,plb0057_v7,soep-is,pl,plb0057_h2
soep-is,pl,plb0057_v9,soep-is,pl,plb0057_h1
soep-is,pl,plb0063_v1,soep-is,pl,plb0063_h
soep-is,pl,plb0063_v3,soep-is,pl,plb0063_h
soep-is,pl,plb0064_v2,soep-is,pl,plb0064_h
soep-is,pl,plb0064_v4,soep-is,pl,plb0064_h
soep-is,pl,plb0064_v5,soep-is,pl,plb0064_h
soep-is,pl,plb0072_v1,soep-is,pl,plb0072_h
soep-is,pl,plb0073_v1,soep-is,pl,plb0073_h
soep-is,pl,plb0073_v2,soep-is,pl,plb0073_h
soep-is,pl,plb0073_v3,soep-is,pl,plb0073_h
soep-is,pl,plb0073_v5,soep-is,pl,plb0073_h
soep-is,pl,plb0074_v1,soep-is,pl,plb0074_h
soep-is,pl,plb0074_v2,soep-is,pl,plb0074_h
soep-is,pl,plb0074_v3,soep-is,pl,plb0074_h
soep-is,pl,plb0096_v1,soep-is,pl,plb0096_h
soep-is,pl,plb0146_v2,soep-is,pl,plb0146_h
soep-is,pl,plb0159_v2,soep-is,pl,plb0159_h
soep-is,pl,plb0159_v3,soep-is,pl,plb0159_h
soep-is,pl,plb0176_v3,soep-is,pl,plb0176_h
soep-is,pl,plb0176_v5,soep-is,pl,plb0176_h
soep-is,pl,plb0183,soep-is,pl,plb0183_h
soep-is,pl,plb0185_v1,soep-is,pl,plb0185_h
soep-is,pl,plb0186_v2,soep-is,pl,plb0186_h
soep-is,pl,plb0186_v3,soep-is,pl,plb0186_h
soep-is,pl,plb0187_v1,soep-is,pl,plb0187_h
soep-is,pl,plb0187_v2,soep-is,pl,plb0187_h
soep-is,pl,plb0187_v3,soep-is,pl,plb0187_h
soep-is,pl,plb0187_v4,soep-is,pl,plb0187_h
soep-is,pl,plb0195_v3,soep-is,pl,plb0195_h
soep-is,pl,plb0196_v2,soep-is,pl,plb0196_h
soep-is,pl,plb0196_v3,soep-is,pl,plb0196_h
soep-is,pl,plb0207_v2,soep-is,pl,plb0207_h
soep-is,pl,plb0208_v2,soep-is,pl,plb0208_h
soep-is,pl,plb0220_v1,soep-is,pl,plb0220_h
soep-is,pl,plb0241_v1,soep-is,pl,plb0241_h
soep-is,pl,plb0241_v2,soep-is,pl,plb0241_h
soep-is,pl,plb0266_v2,soep-is,pl,plb0266_h
soep-is,pl,plb0282_v1,soep-is,pl,plb0282_h
soep-is,pl,plb0282_v2,soep-is,pl,plb0282_h
soep-is,pl,plb0284_v1,soep-is,pl,plb0284_h
soep-is,pl,plb0284_v2,soep-is,pl,plb0284_h
soep-is,pl,plb0296_v1,soep-is,pl,plb0296_h
soep-is,pl,plb0296_v2,soep-is,pl,plb0296_h
soep-is,pl,plb0304_v1,soep-is,pl,plb0304_h
soep-is,pl,plb0304_v10,soep-is,pl,plb0304_h
soep-is,pl,plb0304_v11,soep-is,pl,plb0304_h
soep-is,pl,plb0304_v12,soep-is,pl,plb0304_h
soep-is,pl,plb0304_v13,soep-is,pl,plb0304_h
soep-is,pl,plb0304_v14,soep-is,pl,plb0304_h
soep-is,pl,plb0304_v15,soep-is,pl,plb0304_h
soep-is,pl,plb0304_v2,soep-is,pl,plb0304_h
soep-is,pl,plb0304_v3,soep-is,pl,plb0304_h
soep-is,pl,plb0304_v4,soep-is,pl,plb0304_h
soep-is,pl,plb0304_v6,soep-is,pl,plb0304_h
soep-is,pl,plb0304_v7,soep-is,pl,plb0304_h
soep-is,pl,plb0304_v8,soep-is,pl,plb0304_h
soep-is,pl,plb0304_v9,soep-is,pl,plb0304_h
soep-is,pl,plb0305_v1,soep-is,pl,plb0305_h
soep-is,pl,plb0305_v2,soep-is,pl,plb0305_h
soep-is,pl,plb0358_v1,soep-is,pl,plb0358_h
soep-is,pl,plb0358_v10,soep-is,pl,plb0358_h
soep-is,pl,plb0358_v11,soep-is,pl,plb0358_h
soep-is,pl,plb0358_v2,soep-is,pl,plb0358_h
soep-is,pl,plb0358_v3,soep-is,pl,plb0358_h
soep-is,pl,plb0358_v6,soep-is,pl,plb0358_h
soep-is,pl,plb0358_v7,soep-is,pl,plb0358_h
soep-is,pl,plb0358_v8,soep-is,pl,plb0358_h
soep-is,pl,plb0358_v9,soep-is,pl,plb0358_h
soep-is,pl,plb0382_v1,soep-is,pl,plb0382_h
soep-is,pl,plb0382_v2,soep-is,pl,plb0382_h
soep-is,pl,plb0382_v3,soep-is,pl,plb0382_h
soep-is,pl,plb0382_v4,soep-is,pl,plb0382_h
soep-is,pl,plb0382_v5,soep-is,pl,plb0382_h
soep-is,pl,plb0419_v1,soep-is,pl,plb0419_h
soep-is,pl,plb0419_v2,soep-is,pl,plb0419_h
soep-is,pl,plb0420_v1,soep-is,pl,plb0420_h
soep-is,pl,plb0420_v2,soep-is,pl,plb0420_h
soep-is,pl,plb0471_v1,soep-is,pl,plb0471_h
soep-is,pl,plb0471_v2,soep-is,pl,plb0471_h
soep-is,pl,plb0474_v1,soep-is,pl,plb0474_h
soep-is,pl,plb0474_v2,soep-is,pl,plb0474_h
soep-is,pl,plb0477_v1,soep-is,pl,plb0477_h
soep-is,pl,plb0477_v2,soep-is,pl,plb0477_h
soep-is,pl,plc0001_v2,soep-is,pl,plc0001_h
soep-is,pl,plc0013_v1,soep-is,pl,plc0013_h
soep-is,pl,plc0013_v2,soep-is,pl,plc0013_h
soep-is,pl,plc0014_v1,soep-is,pl,plc0014_h
soep-is,pl,plc0014_v2,soep-is,pl,plc0014_h
soep-is,pl,plc0015_v1,soep-is,pl,plc0015_h
soep-is,pl,plc0017_v1,soep-is,pl,plc0017_h
soep-is,pl,plc0017_v2,soep-is,pl,plc0017_h
soep-is,pl,plc0041_v1,soep-is,pl,plc0041_h
soep-is,pl,plc0041_v2,soep-is,pl,plc0041_h
soep-is,pl,plc0043_v1,soep-is,pl,plc0043_h
soep-is,pl,plc0043_v2,soep-is,pl,plc0043_h
soep-is,pl,plc0045_v1,soep-is,pl,plc0045_h
soep-is,pl,plc0045_v2,soep-is,pl,plc0045_h
soep-is,pl,plc0047_v1,soep-is,pl,plc0047_h
soep-is,pl,plc0047_v2,soep-is,pl,plc0047_h
soep-is,pl,plc0049_v1,soep-is,pl,plc0049_h
soep-is,pl,plc0049_v2,soep-is,pl,plc0049_h
soep-is,pl,plc0051_v1,soep-is,pl,plc0051_h
soep-is,pl,plc0051_v2,soep-is,pl,plc0051_h
soep-is,pl,plc0053_v1,soep-is,pl,plc0053_h
soep-is,pl,plc0053_v2,soep-is,pl,plc0053_h
soep-is,pl,plc0057_v1,soep-is,pl,plc0057_h
soep-is,pl,plc0057_v2,soep-is,pl,plc0057_h
soep-is,pl,plc0062_v1,soep-is,pl,plc0062_h
soep-is,pl,plc0062_v2,soep-is,pl,plc0062_h
soep-is,pl,plc0064_v1,soep-is,pl,plc0064_h
soep-is,pl,plc0067_v1,soep-is,pl,plc0067_h
soep-is,pl,plc0067_v2,soep-is,pl,plc0067_h
soep-is,pl,plc0070_v1,soep-is,pl,plc0070_h
soep-is,pl,plc0070_v2,soep-is,pl,plc0070_h
soep-is,pl,plc0073_v1,soep-is,pl,plc0073_h
soep-is,pl,plc0075_v1,soep-is,pl,plc0075_h
soep-is,pl,plc0075_v2,soep-is,pl,plc0075_h
soep-is,pl,plc0091_v9,soep-is,pl,plc0091_h
soep-is,pl,plc0126_v1,soep-is,pl,plc0126_h
soep-is,pl,plc0128_v1,soep-is,pl,plc0128_h
soep-is,pl,plc0128_v2,soep-is,pl,plc0128_h
soep-is,pl,plc0129_v1,soep-is,pl,plc0129_h
soep-is,pl,plc0129_v2,soep-is,pl,plc0129_h
soep-is,pl,plc0130_v1,soep-is,pl,plc0130_h
soep-is,pl,plc0131_v1,soep-is,pl,plc0131_h
soep-is,pl,plc0131_v2,soep-is,pl,plc0131_h
soep-is,pl,plc0132_v1,soep-is,pl,plc0132_h
soep-is,pl,plc0132_v2,soep-is,pl,plc0132_h
soep-is,pl,plc0134_v1,soep-is,pl,plc0134_h
soep-is,pl,plc0134_v2,soep-is,pl,plc0134_h
soep-is,pl,plc0137_v1,soep-is,pl,plc0137_h
soep-is,pl,plc0137_v2,soep-is,pl,plc0137_h
soep-is,pl,plc0142_v1,soep-is,pl,plc0142_h
soep-is,pl,plc0142_v2,soep-is,pl,plc0142_h
soep-is,pl,plc0152_v1,soep-is,pl,plc0152_h
soep-is,pl,plc0153_v1,soep-is,pl,plc0153_h
soep-is,pl,plc0153_v2,soep-is,pl,plc0153_h
soep-is,pl,plc0155_v1,soep-is,pl,plc0155_h
soep-is,pl,plc0155_v2,soep-is,pl,plc0155_h
soep-is,pl,plc0160_v1,soep-is,pl,plc0160_h
soep-is,pl,plc0162_v1,soep-is,pl,plc0162_h
soep-is,pl,plc0162_v2,soep-is,pl,plc0162_h
soep-is,pl,plc0167_v1,soep-is,pl,plc0167_h
soep-is,pl,plc0168_v1,soep-is,pl,plc0168_h
soep-is,pl,plc0168_v2,soep-is,pl,plc0168_h
soep-is,pl,plc0171_v1,soep-is,pl,plc0171_h
soep-is,pl,plc0171_v2,soep-is,pl,plc0171_h
soep-is,pl,plc0188_v1,soep-is,pl,plc0188_h
soep-is,pl,plc0189_v1,soep-is,pl,plc0189_h
soep-is,pl,plc0190_v1,soep-is,pl,plc0190_h
soep-is,pl,plc0198_v1,soep-is,pl,plc0198_h
soep-is,pl,plc0198_v2,soep-is,pl,plc0198_h
soep-is,pl,plc0201_v1,soep-is,pl,plc0201_h
soep-is,pl,plc0201_v2,soep-is,pl,plc0201_h
soep-is,pl,plc0202_v1,soep-is,pl,plc0202_h
soep-is,pl,plc0203_v1,soep-is,pl,plc0203_h
soep-is,pl,plc0203_v2,soep-is,pl,plc0203_h
soep-is,pl,plc0220_v1,soep-is,pl,plc0220_h
soep-is,pl,plc0220_v2,soep-is,pl,plc0220_h
soep-is,pl,plc0220_v3,soep-is,pl,plc0220_h
soep-is,pl,plc0224_v1,soep-is,pl,plc0224_h
soep-is,pl,plc0228_v1,soep-is,pl,plc0228_h
soep-is,pl,plc0228_v2,soep-is,pl,plc0228_h
soep-is,pl,plc0232_v1,soep-is,pl,plc0232_h
soep-is,pl,plc0233_v1,soep-is,pl,plc0233_h
soep-is,pl,plc0233_v2,soep-is,pl,plc0233_h
soep-is,pl,plc0234_v1,soep-is,pl,plc0234_h
soep-is,pl,plc0236_v1,soep-is,pl,plc0236_h
soep-is,pl,plc0236_v2,soep-is,pl,plc0236_h
soep-is,pl,plc0238_v1,soep-is,pl,plc0238_h
soep-is,pl,plc0238_v2,soep-is,pl,plc0238_h
soep-is,pl,plc0240_v1,soep-is,pl,plc0240_h
soep-is,pl,plc0240_v2,soep-is,pl,plc0240_h
soep-is,pl,plc0243_v1,soep-is,pl,plc0243_h
soep-is,pl,plc0243_v2,soep-is,pl,plc0243_h
soep-is,pl,plc0245_v1,soep-is,pl,plc0245_h
soep-is,pl,plc0245_v2,soep-is,pl,plc0245_h
soep-is,pl,plc0247_v1,soep-is,pl,plc0247_h
soep-is,pl,plc0247_v2,soep-is,pl,plc0247_h
soep-is,pl,plc0249_v1,soep-is,pl,plc0249_h
soep-is,pl,plc0249_v2,soep-is,pl,plc0249_h
soep-is,pl,plc0268_v1,soep-is,pl,plc0268_h
soep-is,pl,plc0268_v2,soep-is,pl,plc0268_h
soep-is,pl,plc0268_v3,soep-is,pl,plc0268_h
soep-is,pl,plc0270_v1,soep-is,pl,plc0270_h
soep-is,pl,plc0272_v1,soep-is,pl,plc0272_h
soep-is,pl,plc0272_v2,soep-is,pl,plc0272_h
soep-is,pl,plc0273_v1,soep-is,pl,plc0273_h
soep-is,pl,plc0273_v2,soep-is,pl,plc0273_h
soep-is,pl,plc0274_v1,soep-is,pl,plc0274_h
soep-is,pl,plc0274_v2,soep-is,pl,plc0274_h
soep-is,pl,plc0275_v1,soep-is,pl,plc0275_h
soep-is,pl,plc0279_v1,soep-is,pl,plc0279_h
soep-is,pl,plc0279_v2,soep-is,pl,plc0279_h
soep-is,pl,plc0281_v1,soep-is,pl,plc0281_h
soep-is,pl,plc0281_v2,soep-is,pl,plc0281_h
soep-is,pl,plc0283_v1,soep-is,pl,plc0283_h
soep-is,pl,plc0283_v2,soep-is,pl,plc0283_h
soep-is,pl,plc0286_v1,soep-is,pl,plc0286_h
soep-is,pl,plc0286_v2,soep-is,pl,plc0286_h
soep-is,pl,plc0288_v1,soep-is,pl,plc0288_h
soep-is,pl,plc0288_v2,soep-is,pl,plc0288_h
soep-is,pl,plc0313_v1,soep-is,pl,plc0313_h
soep-is,pl,plc0383_v1,soep-is,pl,plc0383_h
soep-is,pl,plc0393_v1,soep-is,pl,plc0393_h
soep-is,pl,plc0403_v1,soep-is,pl,plc0403_h
soep-is,pl,plc0534_v1,soep-is,pl,plc0534_h
soep-is,pl,pld0017_v2,soep-is,pl,pld0017_h
soep-is,pl,pld0021_v1,soep-is,pl,pld0021_h
soep-is,pl,pld0021_v2,soep-is,pl,pld0021_h
soep-is,pl,pld0089_v1,soep-is,pl,pld0089_h
soep-is,pl,pld0090_v1,soep-is,pl,pld0090_h
soep-is,pl,pld0091_v1,soep-is,pl,pld0091_h
soep-is,pl,pld0131_v1,soep-is,pl,pld0131_h
soep-is,pl,pld0131_v2,soep-is,pl,pld0131_h
soep-is,pl,pld0131_v3,soep-is,pl,pld0131_h
soep-is,pl,pld0132_v1,soep-is,pl,pld0132_h
soep-is,pl,pld0298_v2,soep-is,pl,pld0298_h
soep-is,pl,ple0010_v1,soep-is,pl,ple0010_h
soep-is,pl,ple0010_v2,soep-is,pl,ple0010_h
soep-is,pl,ple0044_v1,soep-is,pl,ple0044_h
soep-is,pl,ple0081_v1,soep-is,pl,ple0081_h
soep-is,pl,ple0081_v2,soep-is,pl,ple0081_h
soep-is,pl,ple0096_v1,soep-is,pl,ple0096_h
soep-is,pl,ple0096_v2,soep-is,pl,ple0096_h
soep-is,pl,ple0099_v1,soep-is,pl,ple0099_h
soep-is,pl,ple0099_v2,soep-is,pl,ple0099_h
soep-is,pl,ple0099_v3,soep-is,pl,ple0099_h
soep-is,pl,ple0099_v4,soep-is,pl,ple0099_h
soep-is,pl,ple0099_v5,soep-is,pl,ple0099_h
soep-is,pl,ple0104_v6,soep-is,pl,ple0104_h
soep-is,pl,ple0104_v7,soep-is,pl,ple0104_h
soep-is,pl,ple0104_v8,soep-is,pl,ple0104_h
soep-is,pl,ple0104_v9,soep-is,pl,ple0104_h
soep-is,pl,ple0128_v1,soep-is,pl,ple0128_h
soep-is,pl,ple0128_v2,soep-is,pl,ple0128_h
soep-is,pl,ple0136_v1,soep-is,pl,ple0136_h
soep-is,pl,ple0136_v2,soep-is,pl,ple0136_h
soep-is,pl,ple0138_v2,soep-is,pl,ple0138_h
soep-is,pl,ple0138_v3,soep-is,pl,ple0138_h
soep-is,pl,plf0011_v2,soep-is,pl,plf0011_h
soep-is,pl,plf0017_v1,soep-is,pl,plf0017_h
soep-is,pl,plf0049_v2,soep-is,pl,plf0049_h
soep-is,pl,plf0049_v3,soep-is,pl,plf0049_h
soep-is,pl,plf0049_v4,soep-is,pl,plf0049_h
soep-is,pl,plf0050_v2,soep-is,pl,plf0050_h
soep-is,pl,plf0050_v3,soep-is,pl,plf0050_h
soep-is,pl,plf0050_v4,soep-is,pl,plf0050_h
soep-is,pl,plg0007_v2,soep-is,pl,plg0007_h
soep-is,pl,plg0012_v1,soep-is,pl,plg0012_h
soep-is,pl,plg0012_v2,soep-is,pl,plg0012_h
soep-is,pl,plg0013_v1,soep-is,pl,plg0013_h
soep-is,pl,plg0013_v2,soep-is,pl,plg0013_h
soep-is,pl,plg0013_v3,soep-is,pl,plg0013_h
soep-is,pl,plg0013_v4,soep-is,pl,plg0013_h
soep-is,pl,plg0015_v1,soep-is,pl,plg0015_h
soep-is,pl,plg0036_v2,soep-is,pl,plg0036_h
soep-is,pl,plg0078_v1,soep-is,pl,plg0078_h
soep-is,pl,plg0082_v2,soep-is,pl,plg0082_h
soep-is,pl,plg0108_v2,soep-is,pl,plg0108_h
soep-is,pl,plg0109_v2,soep-is,pl,plg0109_h
soep-is,pl,plg0110_v2,soep-is,pl,plg0110_h
soep-is,pl,plg0155_v10,soep-is,pl,plg0155_h
soep-is,pl,plg0169_v1,soep-is,pl,plg0169_h
soep-is,pl,plg0169_v2,soep-is,pl,plg0169_h
soep-is,pl,plg0171_v1,soep-is,pl,plg0171_h
soep-is,pl,plg0171_v2,soep-is,pl,plg0171_h
soep-is,pl,plg0172_v1,soep-is,pl,plg0172_h
soep-is,pl,plg0172_v2,soep-is,pl,plg0172_h
soep-is,pl,plg0177_v5,soep-is,pl,plg0177_h
soep-is,pl,plg0177_v6,soep-is,pl,plg0177_h
soep-is,pl,plg0182_v1,soep-is,pl,plg0182_h
soep-is,pl,plg0182_v2,soep-is,pl,plg0182_h
soep-is,pl,plg0183_v1,soep-is,pl,plg0183_h
soep-is,pl,plg0183_v2,soep-is,pl,plg0183_h
soep-is,pl,plg0267_v2,soep-is,pl,plg0267_h
soep-is,pl,plg0292_v1,soep-is,pl,plg0292_h
soep-is,pl,plg0292_v2,soep-is,pl,plg0292_h
soep-is,pl,plg0292_v3,soep-is,pl,plg0292_h
soep-is,pl,plg0292_v4,soep-is,pl,plg0292_h
soep-is,pl,plg0292_v5,soep-is,pl,plg0292_h
soep-is,pl,plg0292_v6,soep-is,pl,plg0292_h
soep-is,pl,plg0293_v1,soep-is,pl,plg0293_h
soep-is,pl,plg0293_v2,soep-is,pl,plg0293_h
soep-is,pl,plg0293_v3,soep-is,pl,plg0293_h
soep-is,pl,plg0293_v4,soep-is,pl,plg0293_h
soep-is,pl,plg0293_v5,soep-is,pl,plg0293_h
soep-is,pl,plg0293_v6,soep-is,pl,plg0293_h
soep-is,pl,plg0293_v7,soep-is,pl,plg0293_h
soep-is,pl,plg0293_v8,soep-is,pl,plg0293_h
soep-is,pl,plg0293_v9,soep-is,pl,plg0293_h
soep-is,pl,plh0011_v2,soep-is,pl,plh0011_h
soep-is,pl,plh0011_v3,soep-is,pl,plh0011_h
soep-is,pl,plh0012_v6,soep-is,pl,plh0012_h
soep-is,pl,plh0013_v2,soep-is,pl,plh0013_h
soep-is,pl,plh0169_v1,soep-is,pl,plh0169_h
soep-is,pl,plh0169_v2,soep-is,pl,plh0169_h
soep-is,pl,plh0204_v2,soep-is,pl,plh0204_h
soep-is,pl,plh0258_v6,soep-is,pl,plh0258_h
soep-is,pl,plh0258_v7,soep-is,pl,plh0258_h
soep-is,pl,plh0263_v2,soep-is,pl,plh0263_h
soep-is,pl,plh0264_v2,soep-is,pl,plh0264_h
soep-is,pl,plh0273_v1,soep-is,pl,plh0273_h
soep-is,pl,plh0353_v1,soep-is,pl,plh0353_h
soep-is,pl,plh0354_v3,soep-is,pl,plh0354_h
soep-is,pl,pli0003_v4,soep-is,pl,pli0003_h
soep-is,pl,pli0007_v5,soep-is,pl,pli0007_h
soep-is,pl,pli0012_v3,soep-is,pl,pli0012_h
soep-is,pl,pli0016_v4,soep-is,pl,pli0016_h
soep-is,pl,pli0019_v4,soep-is,pl,pli0019_h
soep-is,pl,pli0022_v4,soep-is,pl,pli0022_h
soep-is,pl,pli0024_v3,soep-is,pl,pli0024_h
soep-is,pl,pli0028_v4,soep-is,pl,pli0028_h
soep-is,pl,pli0031_v4,soep-is,pl,pli0031_h
soep-is,pl,pli0038_v4,soep-is,pl,pli0038_h
soep-is,pl,pli0043_v3,soep-is,pl,pli0043_h
soep-is,pl,pli0044_v3,soep-is,pl,pli0044_h
soep-is,pl,pli0047_v1,soep-is,pl,pli0047_h
soep-is,pl,pli0049_v3,soep-is,pl,pli0049_h
soep-is,pl,pli0066_v1,soep-is,pl,pli0066_h
soep-is,pl,pli0066_v2,soep-is,pl,pli0066_h
soep-is,pl,pli0067_v2,soep-is,pl,pli0067_h
soep-is,pl,pli0070_v1,soep-is,pl,pli0070_h
soep-is,pl,pli0070_v2,soep-is,pl,pli0070_h
soep-is,pl,pli0071_v2,soep-is,pl,pli0071_h
soep-is,pl,pli0090_v2,soep-is,pl,pli0090_h
soep-is,pl,pli0090_v3,soep-is,pl,pli0090_h
soep-is,pl,pli0091_v1,soep-is,pl,pli0091_h
soep-is,pl,pli0091_v2,soep-is,pl,pli0091_h
soep-is,pl,pli0092_v2,soep-is,pl,pli0092_h
soep-is,pl,pli0092_v3,soep-is,pl,pli0092_h
soep-is,pl,pli0093_v1,soep-is,pl,pli0093_h
soep-is,pl,pli0094_v2,soep-is,pl,pli0094_h
soep-is,pl,pli0095_v2,soep-is,pl,pli0095_h
soep-is,pl,pli0096_v2,soep-is,pl,pli0096_h
soep-is,pl,pli0096_v3,soep-is,pl,pli0096_h
soep-is,pl,pli0097_v2,soep-is,pl,pli0097_h
soep-is,pl,pli0097_v3,soep-is,pl,pli0097_h
soep-is,pl,pli0098_v1,soep-is,pl,pli0098_h
soep-is,pl,pli0098_v2,soep-is,pl,pli0098_h
soep-is,pl,pli0105_v2,soep-is,pl,pli0105_h
soep-is,pl,pli0108_v1,soep-is,pl,pli0108_h
soep-is,pl,pli0109_v1,soep-is,pl,pli0109_h
soep-is,pl,pli0109_v2,soep-is,pl,pli0109_h
soep-is,pl,pli0111_v1,soep-is,pl,pli0111_h
soep-is,pl,pli0112_v1,soep-is,pl,pli0112_h
soep-is,pl,pli0112_v2,soep-is,pl,pli0112_h
soep-is,pl,pli0114_v1,soep-is,pl,pli0114_h
soep-is,pl,pli0115_v1,soep-is,pl,pli0115_h
soep-is,pl,pli0115_v2,soep-is,pl,pli0115_h
soep-is,pl,pli0117_v1,soep-is,pl,pli0117_h
soep-is,pl,pli0118_v1,soep-is,pl,pli0118_h
soep-is,pl,pli0118_v2,soep-is,pl,pli0118_h
soep-is,pl,pli0120_v1,soep-is,pl,pli0120_h
soep-is,pl,pli0121_v1,soep-is,pl,pli0121_h
soep-is,pl,pli0121_v2,soep-is,pl,pli0121_h
soep-is,pl,pli0161_v2,soep-is,pl,pli0161_h
soep-is,pl,plj0014_v1,soep-is,pl,plj0014_h
soep-is,pl,plj0014_v3,soep-is,pl,plj0014_h
soep-is,pl,plj0014_v5,soep-is,pl,plj0014_h
soep-is,pl,plj0023_v1,soep-is,pl,plj0023_h
soep-is,pl,plj0024_v1,soep-is,pl,plj0024_h
soep-is,pl,plj0085_v1,soep-is,pl,plj0085_h
soep-is,pl,plj0086_v1,soep-is,pl,plj0086_h
soep-is,pl,plj0116_v1,soep-is,pl,plj0116_h
soep-is,pl,plj0116_v2,soep-is,pl,plj0116_h
soep-is,pl,plj0116_v3,soep-is,pl,plj0116_h
soep-is,pl,plj0117_v2,soep-is,pl,plj0117_h
soep-is,pl,plj0117_v3,soep-is,pl,plj0117_h
soep-is,pl,plj0118_v2,soep-is,pl,plj0118_h
soep-is,pl,plj0118_v3,soep-is,pl,plj0118_h
soep-is,pl,plj0119_v2,soep-is,pl,plj0119_h
soep-is,pl,plj0119_v3,soep-is,pl,plj0119_h
soep-is,pl,plj0122_v2,soep-is,pl,plj0122_h
soep-is,pl,plj0122_v3,soep-is,pl,plj0122_h
soep-is,pl,plj0123_v2,soep-is,pl,plj0123_h
soep-is,pl,plj0123_v3,soep-is,pl,plj0123_h
soep-is,pl,plj0124_v2,soep-is,pl,plj0124_h
soep-is,pl,plj0124_v3,soep-is,pl,plj0124_h
soep-is,pl,plj0125_v2,soep-is,pl,plj0125_h
soep-is,pl,plj0125_v3,soep-is,pl,plj0125_h
soep-is,pl,plj0127_v2,soep-is,pl,plj0127_h
soep-is,pl,plj0127_v3,soep-is,pl,plj0127_h
soep-is,pl,plj0130_v2,soep-is,pl,plj0130_h
soep-is,pl,plj0130_v3,soep-is,pl,plj0130_h
soep-is,pl,plj0132_v1,soep-is,pl,plj0132_h
soep-is,pl,plj0132_v2,soep-is,pl,plj0132_h
soep-is,pl,plj0133_v2,soep-is,pl,plj0133_h
soep-is,pl,plj0133_v3,soep-is,pl,plj0133_h
soep-is,pl,plj0136_v1,soep-is,pl,plj0136_h
soep-is,pl,plj0136_v2,soep-is,pl,plj0136_h
soep-is,pl,plj0137_v2,soep-is,pl,plj0137_h
soep-is,pl,plj0137_v3,soep-is,pl,plj0137_h
soep-is,pl,plj0140_v1,soep-is,pl,plj0140_h
soep-is,pl,plj0140_v2,soep-is,pl,plj0140_h
soep-is,pl,plj0142_v2,soep-is,pl,plj0142_h
soep-is,pl,plj0142_v3,soep-is,pl,plj0142_h
soep-is,pl,plj0144_v1,soep-is,pl,plj0144_h
soep-is,pl,plj0144_v2,soep-is,pl,plj0144_h
soep-is,pl,plj0145_v2,soep-is,pl,plj0145_h
soep-is,pl,plj0145_v3,soep-is,pl,plj0145_h
soep-is,pl,plj0148_v1,soep-is,pl,plj0148_h
soep-is,pl,plj0148_v2,soep-is,pl,plj0148_h
soep-is,pl,plj0149_v2,soep-is,pl,plj0149_h
soep-is,pl,plj0149_v3,soep-is,pl,plj0149_h
soep-is,ppath,sex,soep-is,bioage,sex
